insert into Customer (ID, Name, Phone, Email, Age) values (1, 'Anselm', '691-976-3930', 'apipkin0@free.fr', 40);
insert into Customer (ID, Name, Phone, Email, Age) values (2, 'Kynthia', '395-823-0105', 'kbalderston1@utexas.edu', 76);
insert into Customer (ID, Name, Phone, Email, Age) values (3, 'Ethelda', '174-423-3673', 'eburgin2@freewebs.com', 47);
insert into Customer (ID, Name, Phone, Email, Age) values (4, 'Sibley', '684-181-2489', 'sgascoigne3@flickr.com', 54);
insert into Customer (ID, Name, Phone, Email, Age) values (5, 'Mead', '464-801-3647', 'mheinke4@csmonitor.com', 31);
insert into Customer (ID, Name, Phone, Email, Age) values (6, 'Sergeant', '163-607-6899', 'smacgiany5@columbia.edu', 31);
insert into Customer (ID, Name, Phone, Email, Age) values (7, 'Tatum', '241-943-0033', 'tyekel6@indiatimes.com', 24);
insert into Customer (ID, Name, Phone, Email, Age) values (8, 'Retha', '688-828-9848', 'rkidd7@xing.com', 31);
insert into Customer (ID, Name, Phone, Email, Age) values (9, 'Romain', '423-502-4219', 'rlillistone8@arstechnica.com', 44);
insert into Customer (ID, Name, Phone, Email, Age) values (10, 'Tull', '348-740-6159', 'toake9@opensource.org', 77);
insert into Customer (ID, Name, Phone, Email, Age) values (11, 'Elihu', '455-769-9786', 'esprulesa@about.me', 56);
insert into Customer (ID, Name, Phone, Email, Age) values (12, 'Chucho', '980-509-4547', 'ccastilloub@xinhuanet.com', 35);
insert into Customer (ID, Name, Phone, Email, Age) values (13, 'Wynnie', '478-243-1608', 'wlimmingc@alexa.com', 34);
insert into Customer (ID, Name, Phone, Email, Age) values (14, 'Karl', '187-170-4893', 'krodmand@unblog.fr', 62);
insert into Customer (ID, Name, Phone, Email, Age) values (15, 'Elsworth', '771-426-7746', 'ekralee@infoseek.co.jp', 53);
insert into Customer (ID, Name, Phone, Email, Age) values (16, 'Earlie', '613-290-2743', 'easlettf@fc2.com', 21);
insert into Customer (ID, Name, Phone, Email, Age) values (17, 'Clint', '615-493-9403', 'cedwing@rambler.ru', 68);
insert into Customer (ID, Name, Phone, Email, Age) values (18, 'Baldwin', '288-522-6168', 'bdobelh@addthis.com', 54);
insert into Customer (ID, Name, Phone, Email, Age) values (19, 'Meade', '530-625-5683', 'mnielsoni@friendfeed.com', 36);
insert into Customer (ID, Name, Phone, Email, Age) values (20, 'Billi', '751-498-1862', 'bmidnerj@ihg.com', 25);
insert into Customer (ID, Name, Phone, Email, Age) values (21, 'Renae', '105-861-0206', 'rwigmorek@deviantart.com', 57);
insert into Customer (ID, Name, Phone, Email, Age) values (22, 'Rosmunda', '460-562-4333', 'rhuntel@skype.com', 44);
insert into Customer (ID, Name, Phone, Email, Age) values (23, 'Berti', '414-168-2688', 'bvicarm@home.pl', 74);
insert into Customer (ID, Name, Phone, Email, Age) values (24, 'Rodger', '189-726-4358', 'rpaddonn@ustream.tv', 58);
insert into Customer (ID, Name, Phone, Email, Age) values (25, 'Arlena', '318-719-3291', 'awikeyo@mysql.com', 55);


insert into Guest (ID, Name, Age) values (1, 'Alfredo', 32);
insert into Guest (ID, Name, Age) values (2, 'Regina', 34);
insert into Guest (ID, Name, Age) values (3, 'Heloise', 23);
insert into Guest (ID, Name, Age) values (4, 'Ellynn', 15);
insert into Guest (ID, Name, Age) values (5, 'Archibald', 56);
insert into Guest (ID, Name, Age) values (6, 'Amabel', 45);
insert into Guest (ID, Name, Age) values (7, 'Elbertine', 53);
insert into Guest (ID, Name, Age) values (8, 'Nadya',68 );
insert into Guest (ID, Name, Age) values (9, 'Letta',67 );
insert into Guest (ID, Name, Age) values (10, 'Livvie', 45);
insert into Guest (ID, Name, Age) values (11, 'Waiter', 65);
insert into Guest (ID, Name, Age) values (12, 'Ginnifer', 87);
insert into Guest (ID, Name, Age) values (13, 'Rutger', 24);
insert into Guest (ID, Name, Age) values (14, 'Friedrick', 75);
insert into Guest (ID, Name, Age) values (15, 'Burton', 55);
insert into Guest (ID, Name, Age) values (16, 'Ruthi', 66);
insert into Guest (ID, Name, Age) values (17, 'Maddie', 24);
insert into Guest (ID, Name, Age) values (18, 'Emylee', 54);
insert into Guest (ID, Name, Age) values (19, 'Mella', 45);
insert into Guest (ID, Name, Age) values (20, 'Jeanelle', 76);
insert into Guest (ID, Name, Age) values (21, 'Bard', 65);
insert into Guest (ID, Name, Age) values (22, 'Reuben', 87);
insert into Guest (ID, Name, Age) values (23, 'Amalita', 99);
insert into Guest (ID, Name, Age) values (24, 'Lauralee', 45);
insert into Guest (ID, Name, Age) values (25, 'Evy', 34);


insert into Type (ID, Name, Rate, PersonLimit) values (1, 'Full', 80, 1);
insert into Type (ID, Name, Rate, PersonLimit) values (2, 'Queen', 100, 2);
insert into Type (ID, Name, Rate, PersonLimit) values (3, 'King', 120, 3);
insert into Type (ID, Name, Rate, PersonLimit) values (4, 'California', 150, 4);


insert into Amenity (ID, Name, Price) values (1, 'TV', 15);
insert into Amenity (ID, Name, Price) values (2, 'Remote', 5);
insert into Amenity (ID, Name, Price) values (3, 'Bowls', 5);
insert into Amenity (ID, Name, Price) values (4, 'Plates', 5);
insert into Amenity (ID, Name, Price) values (5, 'Utensils', 2.50);
insert into Amenity (ID, Name, Price) values (6, 'Wine Cooler', 15);
insert into Amenity (ID, Name, Price) values (7, 'Blu-Ray Player', 20);
insert into Amenity (ID, Name, Price) values (8, 'Mini Fridge', 50);
insert into Amenity (ID, Name, Price) values (9, 'Microwave', 25);
insert into Amenity (ID, Name, Price) values (10, 'Couch', 1.00);


insert into AddOn (ID, Name, Price) values (1, 'Food Service', 50);
insert into AddOn (ID, Name, Price) values (2, 'Bottle of Wine', 30);
insert into AddOn (ID, Name, Price) values (3, 'Bottle of Whiskey', 20);


insert into Promotion (ID, Name, DateStart, Percentage) values (1, 'Membership', '2018/9/28', .20);
insert into Promotion (ID, Name, DateStart, DateEnd, DollarAmount) values (2, 'Spooky Season', '2018/10/1', '2018/10/31', 25);


insert into Room (ID,  Floor, TypeID) values (1, 1, 1);
insert into Room (ID,  Floor, TypeID) values (2, 1, 2);
insert into Room (ID,  Floor, TypeID) values (3, 1, 3);
insert into Room (ID,  Floor, TypeID) values (4, 1, 4);
insert into Room (ID,  Floor, TypeID) values (5, 2, 1);
insert into Room (ID,  Floor, TypeID) values (6, 2, 2);
insert into Room (ID,  Floor, TypeID) values (7, 2,3);
insert into Room (ID,  Floor, TypeID) values (8, 2, 4);
insert into Room (ID,  Floor, TypeID) values (9, 3, 1);
insert into Room (ID,  Floor, TypeID) values (10, 3, 2);
insert into Room (ID,  Floor, TypeID) values (11, 3, 3);
insert into Room (ID,  Floor, TypeID) values (12, 3, 4);
insert into Room (ID,  Floor, TypeID) values (13, 4, 1);
insert into Room (ID,  Floor, TypeID) values (14, 4, 2);
insert into Room (ID,  Floor, TypeID) values (15, 4, 3);
insert into Room (ID,  Floor, TypeID) values (16, 4, 4);
insert into Room (ID,  Floor, TypeID) values (17, 5, 1);
insert into Room (ID,  Floor, TypeID) values (18, 5, 2);
insert into Room (ID,  Floor, TypeID) values (19, 5, 3);
insert into Room (ID,  Floor, TypeID) values (20, 5, 4);


insert into Reservation (ID, CustomerID, StartDate, EndDate) values (1, 5, '2018/9/1', '2018/9/2');
insert into Reservation (ID, CustomerID, StartDate, EndDate) values (2, 3, '2018/9/1', '2018/9/8');
insert into Reservation (ID, CustomerID, StartDate, EndDate) values (3, 17, '2018/9/8', '2018/9/9');
insert into Reservation (ID, CustomerID, StartDate, EndDate) values (4, 8, '2018/9/9', '2018/9/12');
insert into Reservation (ID, CustomerID, StartDate, EndDate) values (5, 15, '2018/9/12', '2018/9/14');
insert into Reservation (ID, CustomerID, StartDate, EndDate) values (6, 5, '2018/9/13', '2018/9/17');
insert into Reservation (ID, CustomerID, StartDate, EndDate) values (7, 25, '2018/9/14', '2018/9/17');
insert into Reservation (ID, CustomerID, StartDate, EndDate) values (8, 17, '2018/9/17', '2018/9/20');
insert into Reservation (ID, CustomerID, StartDate, EndDate) values (9, 14, '2018/9/18', '2018/9/23');
insert into Reservation (ID, CustomerID, StartDate, EndDate) values (10, 6, '2018/9/19', '2018/9/20');
insert into Reservation (ID, CustomerID, StartDate, EndDate) values (11, 18, '2018/9/20', '2018/9/23');
insert into Reservation (ID, CustomerID, StartDate, EndDate) values (12, 12, '2018/9/23', '2018/9/28');
insert into Reservation (ID, CustomerID, StartDate, EndDate) values (13, 15, '2018/9/25', '2018/9/28');
insert into Reservation (ID, CustomerID, StartDate, EndDate) values (14, 21, '2018/9/25',  '2018/9/29');
insert into Reservation (ID, CustomerID, StartDate, EndDate) values (15, 11, '2018/10/1',  '2018/10/6');
insert into Reservation (ID, CustomerID, StartDate, EndDate) values (16, 18, '2018/10/7', '2018/10/9');
insert into Reservation (ID, CustomerID, StartDate, EndDate) values (17, 12, '2018/10/8', '2018/10/10');
insert into Reservation (ID, CustomerID, StartDate, EndDate) values (18, 15, '2018/10/12', '2018/10/19');
insert into Reservation (ID, CustomerID, StartDate, EndDate) values (19, 21, '2018/10/25',  '2018/10/29');
insert into Reservation (ID, CustomerID, StartDate, EndDate) values (20, 11, '2018/10/29',  '2018/10/31');

insert into RoomAmenities (AmenityID, RoomID) values (6, 15);
insert into RoomAmenities (AmenityID, RoomID) values (10, 5);
insert into RoomAmenities (AmenityID, RoomID) values (10, 9);
insert into RoomAmenities (AmenityID, RoomID) values (9, 9);
insert into RoomAmenities (AmenityID, RoomID) values (5, 12);
insert into RoomAmenities (AmenityID, RoomID) values (3, 10);
insert into RoomAmenities (AmenityID, RoomID) values (3, 15);


insert into RoomAddOns (RoomID, AddOnID) values (11, 3);
insert into RoomAddOns (RoomID, AddOnID) values (12, 3);
insert into RoomAddOns (RoomID, AddOnID) values (14, 1);
insert into RoomAddOns (RoomID, AddOnID) values (14, 3);
insert into RoomAddOns (RoomID, AddOnID) values (5, 2);
insert into RoomAddOns (RoomID, AddOnID) values (15, 2);
insert into RoomAddOns (RoomID, AddOnID) values (15, 3);


insert into ReservationRooms (ReservationID, RoomID) values (1, 17);
insert into ReservationRooms (ReservationID, RoomID) values (1, 18);
insert into ReservationRooms (ReservationID, RoomID) values (2, 9);
insert into ReservationRooms (ReservationID, RoomID) values (3, 5);
insert into ReservationRooms (ReservationID, RoomID) values (4, 1);
insert into ReservationRooms (ReservationID, RoomID) values (5, 10);
insert into ReservationRooms (ReservationID, RoomID) values (6, 9);
insert into ReservationRooms (ReservationID, RoomID) values (7, 16);
insert into ReservationRooms (ReservationID, RoomID) values (8, 19);
insert into ReservationRooms (ReservationID, RoomID) values (9, 3);
insert into ReservationRooms (ReservationID, RoomID) values (9, 4);
insert into ReservationRooms (ReservationID, RoomID) values (10, 10);
insert into ReservationRooms (ReservationID, RoomID) values (11, 15);
insert into ReservationRooms (ReservationID, RoomID) values (12, 3);
insert into ReservationRooms (ReservationID, RoomID) values (12, 6);
insert into ReservationRooms (ReservationID, RoomID) values (13, 13);
insert into ReservationRooms (ReservationID, RoomID) values (14, 1);
insert into ReservationRooms (ReservationID, RoomID) values (15, 12);


insert into ReservationGuests (ReservationID, GuestID) values (1, 15);
insert into ReservationGuests (ReservationID, GuestID) values (14, 2);
insert into ReservationGuests (ReservationID, GuestID) values (14, 21);
insert into ReservationGuests (ReservationID, GuestID) values (5, 22);
insert into ReservationGuests (ReservationID, GuestID) values (1, 18);
insert into ReservationGuests (ReservationID, GuestID) values (1, 7);
insert into ReservationGuests (ReservationID, GuestID) values (15, 18);
insert into ReservationGuests (ReservationID, GuestID) values (8, 6);
insert into ReservationGuests (ReservationID, GuestID) values (2, 3);
insert into ReservationGuests (ReservationID, GuestID) values (5, 24);
insert into ReservationGuests (ReservationID, GuestID) values (6, 4);
insert into ReservationGuests (ReservationID, GuestID) values (1, 23);
insert into ReservationGuests (ReservationID, GuestID) values (20, 10);
insert into ReservationGuests (ReservationID, GuestID) values (7, 21);
insert into ReservationGuests (ReservationID, GuestID) values (2, 10);


insert into ReservationPromotions (ReservationID, PromotionID) values (2, 1);
insert into ReservationPromotions (ReservationID, PromotionID) values (3, 1);
insert into ReservationPromotions (ReservationID, PromotionID) values (6, 1);
insert into ReservationPromotions (ReservationID, PromotionID) values (9, 1);
insert into ReservationPromotions (ReservationID, PromotionID) values (15, 2);


insert into BillDetails (ID, ReservationID, RoomPrice, SubTotal, Tax, Total) values (1, 1, 180, 180, 14.40, 194.40);
insert into BillDetails (ID, ReservationID, RoomPrice, Promotion, SubTotal, Tax, Total) values (2, 2, 560, .20, 448, 35.84, 483.84);
insert into BillDetails (ID, ReservationID, RoomPrice, Promotion, SubTotal, Tax, Total) values (3, 3, 80, .20, 64, 5.12, 69.12);
insert into BillDetails (ID, ReservationID, RoomPrice, SubTotal, Tax, Total) values (4, 4, 240, 240, 19.20, 259.20);
insert into BillDetails (ID, ReservationID, AddOnPrice, AmenitiesPrice, RoomPrice, SubTotal, Tax, Total) values (5, 5, 30, 1, 200, 231, 18.48, 249.48);
insert into BillDetails (ID, ReservationID, RoomPrice, Promotion, SubTotal, Tax, Total) values (6, 6, 320, .20, 256, 20.48, 276.48);
insert into BillDetails (ID, ReservationID, RoomPrice, SubTotal, Tax, Total) values (7, 7, 450, 450, 36, 486);
insert into BillDetails (ID, ReservationID, RoomPrice, SubTotal, Tax, Total) values (8, 8, 360, 360, 28.80, 388.80);
insert into BillDetails (ID, ReservationID, AmenitiesPrice, RoomPrice, Promotion, SubTotal, Tax, Total) values (9, 9, 1, 1350, .20, 270.20, 21.62, 291.82);
insert into BillDetails (ID, ReservationID, AmenitiesPrice, RoomPrice, SubTotal, Tax, Total) values (10, 10, 5, 100, 115, 9.20, 124.20);
insert into BillDetails (ID, ReservationID, AddOnPrice, RoomPrice, SubTotal, Tax, Total) values (11, 11, 20, 360, 380, 30.40, 410.40);
insert into BillDetails (ID, ReservationID, AddOnPrice, AmenitiesPrice, RoomPrice, SubTotal, Tax, Total) values (12, 12, 20, 2.50, 1350, 1372.50, 109.80, 1482.30);
insert into BillDetails (ID, ReservationID, RoomPrice, SubTotal, Tax, Total) values (13, 13, 180,180, 14.40, 194.40);
insert into BillDetails (ID, ReservationID, AddOnPrice, RoomPrice, SubTotal, Tax, Total) values (14, 14, 70, 320, 390, 31.20, 421.20);
insert into BillDetails (ID, ReservationID, AddOnPrice, AmenitiesPrice, RoomPrice, Promotion, SubTotal, Tax, Total) values (15, 15, 50, 20, 750, 25, 795, 63.60, 858.60);